,Subject,Filename,OnsetFrame,ApexFrame,OffsetFrame,Action Units,Estimated Emotion,Start_time,End_time,Apex_time,File_path,Simple_label
0,1,EP02_01f,46,59,86,12,happiness,0.23,0.43,0.295,D:\PythonCourse\ME_Recognition\Data\RGB_videos\sub01\EP02_01f.avi,positivo
1,1,EP03_02,131,139,161,18,others,0.655,0.805,0.6950000000000001,D:\PythonCourse\ME_Recognition\Data\RGB_videos\sub01\EP03_02.avi,neutral
2,1,EP04_02,21,54,76,4,others,0.105,0.38,0.27,D:\PythonCourse\ME_Recognition\Data\RGB_videos\sub01\EP04_02.avi,neutral
3,1,EP04_03,31,41,56,4,others,0.155,0.28,0.205,D:\PythonCourse\ME_Recognition\Data\RGB_videos\sub01\EP04_03.avi,neutral
4,1,EP04_04,23,49,66,4,others,0.115,0.33,0.245,D:\PythonCourse\ME_Recognition\Data\RGB_videos\sub01\EP04_04.avi,neutral
5,1,EP19_01,26,49,66,4,others,0.13,0.33,0.245,D:\PythonCourse\ME_Recognition\Data\RGB_videos\sub01\EP19_01.avi,neutral
6,1,EP19_03f,81,96,161,4,others,0.405,0.805,0.48,D:\PythonCourse\ME_Recognition\Data\RGB_videos\sub01\EP19_03f.avi,neutral
7,1,EP19_05f,396,416,446,4+L10,disgust,1.98,2.23,2.08,D:\PythonCourse\ME_Recognition\Data\RGB_videos\sub01\EP19_05f.avi,negativo
8,1,EP19_06f,36,71,161,4+5+L10,disgust,0.18,0.805,0.355,D:\PythonCourse\ME_Recognition\Data\RGB_videos\sub01\EP19_06f.avi,negativo
9,2,EP01_11f,46,91,96,15,repression,0.23,0.48,0.455,D:\PythonCourse\ME_Recognition\Data\RGB_videos\sub02\EP01_11f.avi,negativo
10,2,EP02_04f,31,79,141,12+15,repression,0.155,0.705,0.395,D:\PythonCourse\ME_Recognition\Data\RGB_videos\sub02\EP02_04f.avi,negativo
11,2,EP03_02f,16,81,136,15,repression,0.08,0.68,0.405,D:\PythonCourse\ME_Recognition\Data\RGB_videos\sub02\EP03_02f.avi,negativo
12,2,EP06_01f,56,121,155,14,repression,0.28,0.775,0.605,D:\PythonCourse\ME_Recognition\Data\RGB_videos\sub02\EP06_01f.avi,negativo
13,2,EP06_02f,36,64,111,14,repression,0.18,0.555,0.32,D:\PythonCourse\ME_Recognition\Data\RGB_videos\sub02\EP06_02f.avi,negativo
14,2,EP08_04,16,69,106,14,others,0.08,0.53,0.345,D:\PythonCourse\ME_Recognition\Data\RGB_videos\sub02\EP08_04.avi,neutral
15,2,EP09_01,26,56,125,1+12,happiness,0.13,0.625,0.28,D:\PythonCourse\ME_Recognition\Data\RGB_videos\sub02\EP09_01.avi,positivo
16,2,EP09_06f,11,49,151,4,others,0.055,0.755,0.245,D:\PythonCourse\ME_Recognition\Data\RGB_videos\sub02\EP09_06f.avi,neutral
17,2,EP09_10,26,36,66,17,others,0.13,0.33,0.18,D:\PythonCourse\ME_Recognition\Data\RGB_videos\sub02\EP09_10.avi,neutral
18,2,EP11_01,16,69,106,1+L2,surprise,0.08,0.53,0.345,D:\PythonCourse\ME_Recognition\Data\RGB_videos\sub02\EP11_01.avi,neutral
19,2,EP13_04,21,51,76,1,surprise,0.105,0.38,0.255,D:\PythonCourse\ME_Recognition\Data\RGB_videos\sub02\EP13_04.avi,neutral
20,2,EP14_01,81,114,126,1+L2,surprise,0.405,0.63,0.5700000000000001,D:\PythonCourse\ME_Recognition\Data\RGB_videos\sub02\EP14_01.avi,neutral
21,2,EP15_04,26,66,96,17,others,0.13,0.48,0.33,D:\PythonCourse\ME_Recognition\Data\RGB_videos\sub02\EP15_04.avi,neutral
22,3,EP01_2,51,69,91,1,surprise,0.255,0.455,0.345,D:\PythonCourse\ME_Recognition\Data\RGB_videos\sub03\EP01_2.avi,neutral
23,3,EP07_03,16,46,76,4,others,0.08,0.38,0.23,D:\PythonCourse\ME_Recognition\Data\RGB_videos\sub03\EP07_03.avi,neutral
24,3,EP07_04,21,81,106,4+L10,disgust,0.105,0.53,0.405,D:\PythonCourse\ME_Recognition\Data\RGB_videos\sub03\EP07_04.avi,negativo
25,3,EP08_1,11,44,91,4,others,0.055,0.455,0.22,D:\PythonCourse\ME_Recognition\Data\RGB_videos\sub03\EP08_1.avi,neutral
26,3,EP09_03,61,76,121,4+9,disgust,0.305,0.605,0.38,D:\PythonCourse\ME_Recognition\Data\RGB_videos\sub03\EP09_03.avi,negativo
27,3,EP18_06,26,81,126,4+7,disgust,0.13,0.63,0.405,D:\PythonCourse\ME_Recognition\Data\RGB_videos\sub03\EP18_06.avi,negativo
28,3,EP19_08,101,121,141,4+7+9,disgust,0.505,0.705,0.605,D:\PythonCourse\ME_Recognition\Data\RGB_videos\sub03\EP19_08.avi,negativo
29,4,EP12_02f,356,387,406,4+L9+14,disgust,1.78,2.03,1.935,D:\PythonCourse\ME_Recognition\Data\RGB_videos\sub04\EP12_02f.avi,negativo
30,4,EP13_02f,51,81,111,4,others,0.255,0.555,0.405,D:\PythonCourse\ME_Recognition\Data\RGB_videos\sub04\EP13_02f.avi,neutral
31,4,EP13_06f,71,108,161,4+6+7,disgust,0.355,0.805,0.54,D:\PythonCourse\ME_Recognition\Data\RGB_videos\sub04\EP13_06f.avi,negativo
32,4,EP19_01f,191,209,226,4,others,0.955,1.13,1.045,D:\PythonCourse\ME_Recognition\Data\RGB_videos\sub04\EP19_01f.avi,neutral
33,5,EP02_07,36,66,101,1+2,surprise,0.18,0.505,0.33,D:\PythonCourse\ME_Recognition\Data\RGB_videos\sub05\EP02_07.avi,neutral
34,5,EP03_01,41,81,101,14,happiness,0.205,0.505,0.405,D:\PythonCourse\ME_Recognition\Data\RGB_videos\sub05\EP03_01.avi,positivo
35,5,EP03_06,33,66,83,1,surprise,0.165,0.415,0.33,D:\PythonCourse\ME_Recognition\Data\RGB_videos\sub05\EP03_06.avi,neutral
36,5,EP03_07,41,64,83,4,others,0.205,0.415,0.32,D:\PythonCourse\ME_Recognition\Data\RGB_videos\sub05\EP03_07.avi,neutral
37,5,EP04_05,16,44,66,1,surprise,0.08,0.33,0.22,D:\PythonCourse\ME_Recognition\Data\RGB_videos\sub05\EP04_05.avi,neutral
38,5,EP04_06,6,49,91,L2+12,surprise,0.03,0.455,0.245,D:\PythonCourse\ME_Recognition\Data\RGB_videos\sub05\EP04_06.avi,neutral
39,5,EP05_03,51,71,141,?,others,0.255,0.705,0.355,D:\PythonCourse\ME_Recognition\Data\RGB_videos\sub05\EP05_03.avi,neutral
40,5,EP05_09,49,94,136,15,others,0.245,0.68,0.47,D:\PythonCourse\ME_Recognition\Data\RGB_videos\sub05\EP05_09.avi,neutral
41,5,EP06_10,85,116,136,4,others,0.425,0.68,0.58,D:\PythonCourse\ME_Recognition\Data\RGB_videos\sub05\EP06_10.avi,neutral
42,5,EP07_01,49,66,106,?,others,0.245,0.53,0.33,D:\PythonCourse\ME_Recognition\Data\RGB_videos\sub05\EP07_01.avi,neutral
43,5,EP08_05,6,39,71,4,others,0.03,0.355,0.195,D:\PythonCourse\ME_Recognition\Data\RGB_videos\sub05\EP08_05.avi,neutral
44,5,EP09_05f,69,69,123,R2+15,disgust,0.345,0.615,0.345,D:\PythonCourse\ME_Recognition\Data\RGB_videos\sub05\EP09_05f.avi,negativo
45,5,EP12_03f,11,36,61,25,surprise,0.055,0.305,0.18,D:\PythonCourse\ME_Recognition\Data\RGB_videos\sub05\EP12_03f.avi,neutral
46,5,EP12_06,46,76,121,17,others,0.23,0.605,0.38,D:\PythonCourse\ME_Recognition\Data\RGB_videos\sub05\EP12_06.avi,neutral
47,5,EP13_04f,36,69,111,?,others,0.18,0.555,0.345,D:\PythonCourse\ME_Recognition\Data\RGB_videos\sub05\EP13_04f.avi,neutral
48,5,EP13_06,16,46,76,4,others,0.08,0.38,0.23,D:\PythonCourse\ME_Recognition\Data\RGB_videos\sub05\EP13_06.avi,neutral
49,5,EP16_03f,39,81,138,4,others,0.195,0.6900000000000001,0.405,D:\PythonCourse\ME_Recognition\Data\RGB_videos\sub05\EP16_03f.avi,neutral
50,5,EP16_04f,141,181,181,4,others,0.705,0.905,0.905,D:\PythonCourse\ME_Recognition\Data\RGB_videos\sub05\EP16_04f.avi,neutral
51,5,EP19_03,6,29,58,4,others,0.03,0.29,0.145,D:\PythonCourse\ME_Recognition\Data\RGB_videos\sub05\EP19_03.avi,neutral
52,6,EP01_01,81,111,136,L14+L15,happiness,0.405,0.68,0.555,D:\PythonCourse\ME_Recognition\Data\RGB_videos\sub06\EP01_01.avi,positivo
53,6,EP02_31,99,131,148,L2+26+38,surprise,0.495,0.74,0.655,D:\PythonCourse\ME_Recognition\Data\RGB_videos\sub06\EP02_31.avi,neutral
54,6,EP10_08,116,139,161,4,others,0.58,0.805,0.6950000000000001,D:\PythonCourse\ME_Recognition\Data\RGB_videos\sub06\EP10_08.avi,neutral
55,6,EP15_02,56,79,106,R1+R2,surprise,0.28,0.53,0.395,D:\PythonCourse\ME_Recognition\Data\RGB_videos\sub06\EP15_02.avi,neutral
56,6,EP16_05,94,114,151,L10,disgust,0.47,0.755,0.5700000000000001,D:\PythonCourse\ME_Recognition\Data\RGB_videos\sub06\EP16_05.avi,negativo
57,7,EP01_01,79,109,156,4+R10,disgust,0.395,0.78,0.545,D:\PythonCourse\ME_Recognition\Data\RGB_videos\sub07\EP01_01.avi,negativo
58,7,EP03_04,11,49,76,R4,others,0.055,0.38,0.245,D:\PythonCourse\ME_Recognition\Data\RGB_videos\sub07\EP03_04.avi,neutral
59,7,EP06_01,15,49,68,4+38,others,0.075,0.34,0.245,D:\PythonCourse\ME_Recognition\Data\RGB_videos\sub07\EP06_01.avi,neutral
60,7,EP06_02_01,11,66,91,4+R10,disgust,0.055,0.455,0.33,D:\PythonCourse\ME_Recognition\Data\RGB_videos\sub07\EP06_02_01.avi,negativo
61,7,EP06_02_02,36,81,91,4+R10,disgust,0.18,0.455,0.405,D:\PythonCourse\ME_Recognition\Data\RGB_videos\sub07\EP06_02_02.avi,negativo
62,7,EP08_02,141,174,191,R4+R10,disgust,0.705,0.955,0.87,D:\PythonCourse\ME_Recognition\Data\RGB_videos\sub07\EP08_02.avi,negativo
63,7,EP15_01,36,64,91,R10,disgust,0.18,0.455,0.32,D:\PythonCourse\ME_Recognition\Data\RGB_videos\sub07\EP15_01.avi,negativo
64,7,EP18_01,6,24,51,R14,others,0.03,0.255,0.12,D:\PythonCourse\ME_Recognition\Data\RGB_videos\sub07\EP18_01.avi,neutral
65,7,EP18_03,11,54,96,7,others,0.055,0.48,0.27,D:\PythonCourse\ME_Recognition\Data\RGB_videos\sub07\EP18_03.avi,neutral
66,8,EP12_07f,26,74,118,4,others,0.13,0.59,0.37,D:\PythonCourse\ME_Recognition\Data\RGB_videos\sub08\EP12_07f.avi,neutral
67,8,EP12_08f,71,106,170,4,others,0.355,0.85,0.53,D:\PythonCourse\ME_Recognition\Data\RGB_videos\sub08\EP12_08f.avi,neutral
68,8,EP13_01f,49,86,126,15+17,repression,0.245,0.63,0.43,D:\PythonCourse\ME_Recognition\Data\RGB_videos\sub08\EP13_01f.avi,negativo
69,9,EP02_01f,21,74,91,L12,happiness,0.105,0.455,0.37,D:\PythonCourse\ME_Recognition\Data\RGB_videos\sub09\EP02_01f.avi,positivo
70,9,EP05_02,66,119,196,4+7,others,0.33,0.98,0.595,D:\PythonCourse\ME_Recognition\Data\RGB_videos\sub09\EP05_02.avi,neutral
71,9,EP05_03,91,116,156,4+7,others,0.455,0.78,0.58,D:\PythonCourse\ME_Recognition\Data\RGB_videos\sub09\EP05_03.avi,neutral
72,9,EP05_05,46,84,96,L12,happiness,0.23,0.48,0.42,D:\PythonCourse\ME_Recognition\Data\RGB_videos\sub09\EP05_05.avi,positivo
73,9,EP06_01f,66,144,186,15,repression,0.33,0.93,0.72,D:\PythonCourse\ME_Recognition\Data\RGB_videos\sub09\EP06_01f.avi,negativo
74,9,EP06_02f,36,101,131,12+15,happiness,0.18,0.655,0.505,D:\PythonCourse\ME_Recognition\Data\RGB_videos\sub09\EP06_02f.avi,positivo
75,9,EP09_04,26,71,146,15+17,repression,0.13,0.73,0.355,D:\PythonCourse\ME_Recognition\Data\RGB_videos\sub09\EP09_04.avi,negativo
76,9,EP09_05,26,81,111,15,repression,0.13,0.555,0.405,D:\PythonCourse\ME_Recognition\Data\RGB_videos\sub09\EP09_05.avi,negativo
77,9,EP09f,26,64,86,15,happiness,0.13,0.43,0.32,D:\PythonCourse\ME_Recognition\Data\RGB_videos\sub09\EP09f.avi,positivo
78,9,EP13_01,31,74,121,17,repression,0.155,0.605,0.37,D:\PythonCourse\ME_Recognition\Data\RGB_videos\sub09\EP13_01.avi,negativo
79,9,EP13_02,71,96,131,20,fear,0.355,0.655,0.48,D:\PythonCourse\ME_Recognition\Data\RGB_videos\sub09\EP13_02.avi,negativo
80,9,EP15_05,56,91,111,L12,happiness,0.28,0.555,0.455,D:\PythonCourse\ME_Recognition\Data\RGB_videos\sub09\EP15_05.avi,positivo
81,9,EP17_08,6,41,76,17,repression,0.03,0.38,0.205,D:\PythonCourse\ME_Recognition\Data\RGB_videos\sub09\EP17_08.avi,negativo
82,9,EP18_03,11,39,81,4+7,others,0.055,0.405,0.195,D:\PythonCourse\ME_Recognition\Data\RGB_videos\sub09\EP18_03.avi,neutral
83,10,EP06_01f,11,54,101,4,others,0.055,0.505,0.27,D:\PythonCourse\ME_Recognition\Data\RGB_videos\sub10\EP06_01f.avi,neutral
84,10,EP08_01f,76,114,141,4,others,0.38,0.705,0.5700000000000001,D:\PythonCourse\ME_Recognition\Data\RGB_videos\sub10\EP08_01f.avi,neutral
85,10,EP10_01f,111,136,171,4,others,0.555,0.855,0.68,D:\PythonCourse\ME_Recognition\Data\RGB_videos\sub10\EP10_01f.avi,neutral
86,10,EP11_01,31,64,101,4,others,0.155,0.505,0.32,D:\PythonCourse\ME_Recognition\Data\RGB_videos\sub10\EP11_01.avi,neutral
87,10,EP11_01f,36,64,91,4,others,0.18,0.455,0.32,D:\PythonCourse\ME_Recognition\Data\RGB_videos\sub10\EP11_01f.avi,neutral
88,10,EP12_02f,26,54,86,4,others,0.13,0.43,0.27,D:\PythonCourse\ME_Recognition\Data\RGB_videos\sub10\EP12_02f.avi,neutral
89,10,EP12_03f,26,81,111,4,others,0.13,0.555,0.405,D:\PythonCourse\ME_Recognition\Data\RGB_videos\sub10\EP12_03f.avi,neutral
90,10,EP12_04,61,101,146,4,others,0.305,0.73,0.505,D:\PythonCourse\ME_Recognition\Data\RGB_videos\sub10\EP12_04.avi,neutral
91,10,EP13_01,11,59,76,L16,fear,0.055,0.38,0.295,D:\PythonCourse\ME_Recognition\Data\RGB_videos\sub10\EP13_01.avi,negativo
92,10,EP13_02f,41,109,131,4,others,0.205,0.655,0.545,D:\PythonCourse\ME_Recognition\Data\RGB_videos\sub10\EP13_02f.avi,neutral
93,10,EP13_03f,11,46,76,4,others,0.055,0.38,0.23,D:\PythonCourse\ME_Recognition\Data\RGB_videos\sub10\EP13_03f.avi,neutral
94,10,EP16_02f,21,64,110,4,others,0.105,0.55,0.32,D:\PythonCourse\ME_Recognition\Data\RGB_videos\sub10\EP16_02f.avi,neutral
95,10,EP18_01f,11,44,73,4,others,0.055,0.365,0.22,D:\PythonCourse\ME_Recognition\Data\RGB_videos\sub10\EP18_01f.avi,neutral
96,10,EP19_04f,81,84,126,4,others,0.405,0.63,0.42,D:\PythonCourse\ME_Recognition\Data\RGB_videos\sub10\EP19_04f.avi,neutral
97,11,EP02_06f,71,96,116,4+L14,others,0.355,0.58,0.48,D:\PythonCourse\ME_Recognition\Data\RGB_videos\sub11\EP02_06f.avi,neutral
98,11,EP08_01f,96,121,146,4,disgust,0.48,0.73,0.605,D:\PythonCourse\ME_Recognition\Data\RGB_videos\sub11\EP08_01f.avi,negativo
99,11,EP12_03f,91,141,185,4,others,0.455,0.925,0.705,D:\PythonCourse\ME_Recognition\Data\RGB_videos\sub11\EP12_03f.avi,neutral
100,11,EP13_02f,51,111,141,4+9,disgust,0.255,0.705,0.555,D:\PythonCourse\ME_Recognition\Data\RGB_videos\sub11\EP13_02f.avi,negativo
101,11,EP13_03f,6,49,81,4,disgust,0.03,0.405,0.245,D:\PythonCourse\ME_Recognition\Data\RGB_videos\sub11\EP13_03f.avi,negativo
102,11,EP13_05f,16,61,111,4+9,disgust,0.08,0.555,0.305,D:\PythonCourse\ME_Recognition\Data\RGB_videos\sub11\EP13_05f.avi,negativo
103,11,EP15_01f,56,89,111,4,others,0.28,0.555,0.445,D:\PythonCourse\ME_Recognition\Data\RGB_videos\sub11\EP15_01f.avi,neutral
104,11,EP15_04f,61,76,96,R14,others,0.305,0.48,0.38,D:\PythonCourse\ME_Recognition\Data\RGB_videos\sub11\EP15_04f.avi,neutral
105,11,EP18_03f,56,106,131,4,others,0.28,0.655,0.53,D:\PythonCourse\ME_Recognition\Data\RGB_videos\sub11\EP18_03f.avi,neutral
106,11,EP19_03f,11,94,151,4,others,0.055,0.755,0.47,D:\PythonCourse\ME_Recognition\Data\RGB_videos\sub11\EP19_03f.avi,neutral
107,12,EP01_02,31,99,106,4+10,disgust,0.155,0.53,0.495,D:\PythonCourse\ME_Recognition\Data\RGB_videos\sub12\EP01_02.avi,negativo
108,12,EP02_05,41,61,140,1+2,surprise,0.205,0.7000000000000001,0.305,D:\PythonCourse\ME_Recognition\Data\RGB_videos\sub12\EP02_05.avi,neutral
109,12,EP03_02,26,59,91,14,others,0.13,0.455,0.295,D:\PythonCourse\ME_Recognition\Data\RGB_videos\sub12\EP03_02.avi,neutral
110,12,EP03_04,60,129,156,6+12,happiness,0.3,0.78,0.645,D:\PythonCourse\ME_Recognition\Data\RGB_videos\sub12\EP03_04.avi,positivo
111,12,EP04_16,36,56,135,4,disgust,0.18,0.675,0.28,D:\PythonCourse\ME_Recognition\Data\RGB_videos\sub12\EP04_16.avi,negativo
112,12,EP06_06,36,76,111,1+2,surprise,0.18,0.555,0.38,D:\PythonCourse\ME_Recognition\Data\RGB_videos\sub12\EP06_06.avi,neutral
113,12,EP08_01,46,81,106,1+2,surprise,0.23,0.53,0.405,D:\PythonCourse\ME_Recognition\Data\RGB_videos\sub12\EP08_01.avi,neutral
114,12,EP08_03,76,114,156,1+2,surprise,0.38,0.78,0.5700000000000001,D:\PythonCourse\ME_Recognition\Data\RGB_videos\sub12\EP08_03.avi,neutral
115,12,EP08_07,111,134,186,R6+R12,happiness,0.555,0.93,0.67,D:\PythonCourse\ME_Recognition\Data\RGB_videos\sub12\EP08_07.avi,positivo
116,12,EP09_02,16,59,101,4+7,disgust,0.08,0.505,0.295,D:\PythonCourse\ME_Recognition\Data\RGB_videos\sub12\EP09_02.avi,negativo
117,12,EP09_06,66,111,111,4+7,disgust,0.33,0.555,0.555,D:\PythonCourse\ME_Recognition\Data\RGB_videos\sub12\EP09_06.avi,negativo
118,12,EP16_02,136,189,226,4+5+7+9,disgust,0.68,1.13,0.945,D:\PythonCourse\ME_Recognition\Data\RGB_videos\sub12\EP16_02.avi,negativo
119,13,EP01_01,76,111,131,4,others,0.38,0.655,0.555,D:\PythonCourse\ME_Recognition\Data\RGB_videos\sub13\EP01_01.avi,neutral
120,13,EP01_02,76,101,116,14,others,0.38,0.58,0.505,D:\PythonCourse\ME_Recognition\Data\RGB_videos\sub13\EP01_02.avi,neutral
121,13,EP02_02,11,34,68,14,others,0.055,0.34,0.17,D:\PythonCourse\ME_Recognition\Data\RGB_videos\sub13\EP02_02.avi,neutral
122,13,EP02_03,26,59,66,14,others,0.13,0.33,0.295,D:\PythonCourse\ME_Recognition\Data\RGB_videos\sub13\EP02_03.avi,neutral
123,13,EP03_01,31,86,111,12,happiness,0.155,0.555,0.43,D:\PythonCourse\ME_Recognition\Data\RGB_videos\sub13\EP03_01.avi,positivo
124,13,EP08_01,54,81,106,4,others,0.27,0.53,0.405,D:\PythonCourse\ME_Recognition\Data\RGB_videos\sub13\EP08_01.avi,neutral
125,13,EP09_10,51,76,126,6+12,happiness,0.255,0.63,0.38,D:\PythonCourse\ME_Recognition\Data\RGB_videos\sub13\EP09_10.avi,positivo
126,13,EP12_01,6,41,61,4,others,0.03,0.305,0.205,D:\PythonCourse\ME_Recognition\Data\RGB_videos\sub13\EP12_01.avi,neutral
127,14,EP04_04f,11,44,86,14,others,0.055,0.43,0.22,D:\PythonCourse\ME_Recognition\Data\RGB_videos\sub14\EP04_04f.avi,neutral
128,14,EP09_03,6,29,41,14,happiness,0.03,0.205,0.145,D:\PythonCourse\ME_Recognition\Data\RGB_videos\sub14\EP09_03.avi,positivo
129,14,EP09_04,21,71,106,14,happiness,0.105,0.53,0.355,D:\PythonCourse\ME_Recognition\Data\RGB_videos\sub14\EP09_04.avi,positivo
130,14,EP09_06,11,59,91,6+12,happiness,0.055,0.455,0.295,D:\PythonCourse\ME_Recognition\Data\RGB_videos\sub14\EP09_06.avi,positivo
131,15,EP03_02,16,49,76,L12,happiness,0.08,0.38,0.245,D:\PythonCourse\ME_Recognition\Data\RGB_videos\sub15\EP03_02.avi,positivo
132,15,EP04_02,21,46,111,1+R2+25,surprise,0.105,0.555,0.23,D:\PythonCourse\ME_Recognition\Data\RGB_videos\sub15\EP04_02.avi,neutral
133,15,EP08_02,21,54,78,4+7,disgust,0.105,0.39,0.27,D:\PythonCourse\ME_Recognition\Data\RGB_videos\sub15\EP08_02.avi,negativo
134,16,EP01_05,66,106,156,4+R12,happiness,0.33,0.78,0.53,D:\PythonCourse\ME_Recognition\Data\RGB_videos\sub16\EP01_05.avi,positivo
135,16,EP01_08,73,94,110,17,repression,0.365,0.55,0.47,D:\PythonCourse\ME_Recognition\Data\RGB_videos\sub16\EP01_08.avi,negativo
136,16,EP01_09f,51,76,163,4+12,others,0.255,0.8150000000000001,0.38,D:\PythonCourse\ME_Recognition\Data\RGB_videos\sub16\EP01_09f.avi,neutral
137,16,EP04_02f,181,269,271,R12,happiness,0.905,1.355,1.345,D:\PythonCourse\ME_Recognition\Data\RGB_videos\sub16\EP04_02f.avi,positivo
138,17,EP01_06,81,86,121,12,happiness,0.405,0.605,0.43,D:\PythonCourse\ME_Recognition\Data\RGB_videos\sub17\EP01_06.avi,positivo
139,17,EP01_13,76,134,166,2,surprise,0.38,0.8300000000000001,0.67,D:\PythonCourse\ME_Recognition\Data\RGB_videos\sub17\EP01_13.avi,neutral
140,17,EP01_15,86,101,126,12,happiness,0.43,0.63,0.505,D:\PythonCourse\ME_Recognition\Data\RGB_videos\sub17\EP01_15.avi,positivo
141,17,EP02_01,91,119,136,4+6+7+9,disgust,0.455,0.68,0.595,D:\PythonCourse\ME_Recognition\Data\RGB_videos\sub17\EP02_01.avi,negativo
142,17,EP02_03,81,109,131,4+7,disgust,0.405,0.655,0.545,D:\PythonCourse\ME_Recognition\Data\RGB_videos\sub17\EP02_03.avi,negativo
143,17,EP02_11,161,181,210,4+9+17,disgust,0.805,1.05,0.905,D:\PythonCourse\ME_Recognition\Data\RGB_videos\sub17\EP02_11.avi,negativo
144,17,EP02_18f,91,134,181,17,repression,0.455,0.905,0.67,D:\PythonCourse\ME_Recognition\Data\RGB_videos\sub17\EP02_18f.avi,negativo
145,17,EP03_02,118,139,161,4+7,disgust,0.59,0.805,0.6950000000000001,D:\PythonCourse\ME_Recognition\Data\RGB_videos\sub17\EP03_02.avi,negativo
146,17,EP03_09,96,132,161,6+12,happiness,0.48,0.805,0.66,D:\PythonCourse\ME_Recognition\Data\RGB_videos\sub17\EP03_09.avi,positivo
147,17,EP05_02,25,91,121,12,happiness,0.125,0.605,0.455,D:\PythonCourse\ME_Recognition\Data\RGB_videos\sub17\EP05_02.avi,positivo
148,17,EP05_03,21,56,101,12+L14,happiness,0.105,0.505,0.28,D:\PythonCourse\ME_Recognition\Data\RGB_videos\sub17\EP05_03.avi,positivo
149,17,EP05_03f,11,59,76,17,repression,0.055,0.38,0.295,D:\PythonCourse\ME_Recognition\Data\RGB_videos\sub17\EP05_03f.avi,negativo
150,17,EP05_04,6,39,71,17,repression,0.03,0.355,0.195,D:\PythonCourse\ME_Recognition\Data\RGB_videos\sub17\EP05_04.avi,negativo
151,17,EP05_09,121,144,196,17,repression,0.605,0.98,0.72,D:\PythonCourse\ME_Recognition\Data\RGB_videos\sub17\EP05_09.avi,negativo
152,17,EP05_10,111,129,151,17,repression,0.555,0.755,0.645,D:\PythonCourse\ME_Recognition\Data\RGB_videos\sub17\EP05_10.avi,negativo
153,17,EP06_04,71,91,161,4+7,disgust,0.355,0.805,0.455,D:\PythonCourse\ME_Recognition\Data\RGB_videos\sub17\EP06_04.avi,negativo
154,17,EP06_07,216,225,246,L12,happiness,1.08,1.23,1.125,D:\PythonCourse\ME_Recognition\Data\RGB_videos\sub17\EP06_07.avi,positivo
155,17,EP06_08,156,194,231,17,repression,0.78,1.155,0.97,D:\PythonCourse\ME_Recognition\Data\RGB_videos\sub17\EP06_08.avi,negativo
156,17,EP07_01,21,71,115,4+7,disgust,0.105,0.5750000000000001,0.355,D:\PythonCourse\ME_Recognition\Data\RGB_videos\sub17\EP07_01.avi,negativo
157,17,EP08_02,21,66,88,4+7,disgust,0.105,0.44,0.33,D:\PythonCourse\ME_Recognition\Data\RGB_videos\sub17\EP08_02.avi,negativo
158,17,EP08_03,51,69,84,4,others,0.255,0.42,0.345,D:\PythonCourse\ME_Recognition\Data\RGB_videos\sub17\EP08_03.avi,neutral
159,17,EP10_06,104,121,161,17,repression,0.52,0.805,0.605,D:\PythonCourse\ME_Recognition\Data\RGB_videos\sub17\EP10_06.avi,negativo
160,17,EP11_01,9,31,53,4+7,disgust,0.045,0.265,0.155,D:\PythonCourse\ME_Recognition\Data\RGB_videos\sub17\EP11_01.avi,negativo
161,17,EP11_02,36,81,121,4+7,disgust,0.18,0.605,0.405,D:\PythonCourse\ME_Recognition\Data\RGB_videos\sub17\EP11_02.avi,negativo
162,17,EP12_03,131,156,184,17,repression,0.655,0.92,0.78,D:\PythonCourse\ME_Recognition\Data\RGB_videos\sub17\EP12_03.avi,negativo
163,17,EP13_01,146,164,191,4,others,0.73,0.955,0.8200000000000001,D:\PythonCourse\ME_Recognition\Data\RGB_videos\sub17\EP13_01.avi,neutral
164,17,EP13_03,51,79,136,4+7,disgust,0.255,0.68,0.395,D:\PythonCourse\ME_Recognition\Data\RGB_videos\sub17\EP13_03.avi,negativo
165,17,EP13_04,86,104,121,4+7,disgust,0.43,0.605,0.52,D:\PythonCourse\ME_Recognition\Data\RGB_videos\sub17\EP13_04.avi,negativo
166,17,EP13_06,86,109,131,4+7,disgust,0.43,0.655,0.545,D:\PythonCourse\ME_Recognition\Data\RGB_videos\sub17\EP13_06.avi,negativo
167,17,EP13_09,6,46,101,L12,happiness,0.03,0.505,0.23,D:\PythonCourse\ME_Recognition\Data\RGB_videos\sub17\EP13_09.avi,positivo
168,17,EP15_01,81,104,111,1,sadness,0.405,0.555,0.52,D:\PythonCourse\ME_Recognition\Data\RGB_videos\sub17\EP15_01.avi,negativo
169,17,EP15_03,319,338,356,1,sadness,1.595,1.78,1.69,D:\PythonCourse\ME_Recognition\Data\RGB_videos\sub17\EP15_03.avi,negativo
170,17,EP15_04,109,131,185,17,repression,0.545,0.925,0.655,D:\PythonCourse\ME_Recognition\Data\RGB_videos\sub17\EP15_04.avi,negativo
171,17,EP15_05,21,49,66,R14,others,0.105,0.33,0.245,D:\PythonCourse\ME_Recognition\Data\RGB_videos\sub17\EP15_05.avi,neutral
172,17,EP16_01f,8,29,71,4+7+9,disgust,0.04,0.355,0.145,D:\PythonCourse\ME_Recognition\Data\RGB_videos\sub17\EP16_01f.avi,negativo
173,17,EP18_07,36,69,103,4+7+9,disgust,0.18,0.515,0.345,D:\PythonCourse\ME_Recognition\Data\RGB_videos\sub17\EP18_07.avi,negativo
174,18,EP08_01,111,139,147,4,others,0.555,0.735,0.6950000000000001,D:\PythonCourse\ME_Recognition\Data\RGB_videos\sub18\EP08_01.avi,neutral
175,18,EP18_01,66,91,126,4,others,0.33,0.63,0.455,D:\PythonCourse\ME_Recognition\Data\RGB_videos\sub18\EP18_01.avi,neutral
176,18,EP19_01,95,121,140,4,others,0.475,0.7000000000000001,0.605,D:\PythonCourse\ME_Recognition\Data\RGB_videos\sub18\EP19_01.avi,neutral
177,19,EP01_01f,121,189,220,12,happiness,0.605,1.1,0.945,D:\PythonCourse\ME_Recognition\Data\RGB_videos\sub19\EP01_01f.avi,positivo
178,19,EP01_02f,36,61,127,6+12,happiness,0.18,0.635,0.305,D:\PythonCourse\ME_Recognition\Data\RGB_videos\sub19\EP01_02f.avi,positivo
179,19,EP02_01,91,119,151,L1+L2,surprise,0.455,0.755,0.595,D:\PythonCourse\ME_Recognition\Data\RGB_videos\sub19\EP02_01.avi,neutral
180,19,EP06_01f,146,174,201,L1+L2,surprise,0.73,1.005,0.87,D:\PythonCourse\ME_Recognition\Data\RGB_videos\sub19\EP06_01f.avi,neutral
181,19,EP06_02f,211,264,291,6+7+12,others,1.055,1.455,1.32,D:\PythonCourse\ME_Recognition\Data\RGB_videos\sub19\EP06_02f.avi,neutral
182,19,EP08_02,76,119,155,6+7+12,happiness,0.38,0.775,0.595,D:\PythonCourse\ME_Recognition\Data\RGB_videos\sub19\EP08_02.avi,positivo
183,19,EP11_01f,61,81,116,?,others,0.305,0.58,0.405,D:\PythonCourse\ME_Recognition\Data\RGB_videos\sub19\EP11_01f.avi,neutral
184,19,EP11_04f,76,96,131,L2+14,surprise,0.38,0.655,0.48,D:\PythonCourse\ME_Recognition\Data\RGB_videos\sub19\EP11_04f.avi,neutral
185,19,EP13_01,71,104,156,4+7+6,disgust,0.355,0.78,0.52,D:\PythonCourse\ME_Recognition\Data\RGB_videos\sub19\EP13_01.avi,negativo
186,19,EP15_03f,51,81,101,12,others,0.255,0.505,0.405,D:\PythonCourse\ME_Recognition\Data\RGB_videos\sub19\EP15_03f.avi,neutral
187,19,EP16_01,86,109,136,4+9+10,disgust,0.43,0.68,0.545,D:\PythonCourse\ME_Recognition\Data\RGB_videos\sub19\EP16_01.avi,negativo
188,19,EP16_02,61,79,101,4+9+10,disgust,0.305,0.505,0.395,D:\PythonCourse\ME_Recognition\Data\RGB_videos\sub19\EP16_02.avi,negativo
189,19,EP19_01,66,86,101,4,others,0.33,0.505,0.43,D:\PythonCourse\ME_Recognition\Data\RGB_videos\sub19\EP19_01.avi,neutral
190,19,EP19_02,106,129,151,L1+L2,surprise,0.53,0.755,0.645,D:\PythonCourse\ME_Recognition\Data\RGB_videos\sub19\EP19_02.avi,neutral
191,19,EP19_03,61,91,116,L1+L2,surprise,0.305,0.58,0.455,D:\PythonCourse\ME_Recognition\Data\RGB_videos\sub19\EP19_03.avi,neutral
192,19,EP19_04,46,69,86,L1,sadness,0.23,0.43,0.345,D:\PythonCourse\ME_Recognition\Data\RGB_videos\sub19\EP19_04.avi,negativo
193,20,EP01_03,76,101,126,L4,disgust,0.38,0.63,0.505,D:\PythonCourse\ME_Recognition\Data\RGB_videos\sub20\EP01_03.avi,negativo
194,20,EP03_02,45,74,111,14,others,0.225,0.555,0.37,D:\PythonCourse\ME_Recognition\Data\RGB_videos\sub20\EP03_02.avi,neutral
195,20,EP06_03,31,49,61,4,disgust,0.155,0.305,0.245,D:\PythonCourse\ME_Recognition\Data\RGB_videos\sub20\EP06_03.avi,negativo
196,20,EP07_04,96,116,151,4,others,0.48,0.755,0.58,D:\PythonCourse\ME_Recognition\Data\RGB_videos\sub20\EP07_04.avi,neutral
197,20,EP10_02,131,166,216,14,others,0.655,1.08,0.8300000000000001,D:\PythonCourse\ME_Recognition\Data\RGB_videos\sub20\EP10_02.avi,neutral
198,20,EP12_01,41,104,106,14,others,0.205,0.53,0.52,D:\PythonCourse\ME_Recognition\Data\RGB_videos\sub20\EP12_01.avi,neutral
199,20,EP13_02,71,109,121,4,others,0.355,0.605,0.545,D:\PythonCourse\ME_Recognition\Data\RGB_videos\sub20\EP13_02.avi,neutral
200,20,EP15_03f,86,129,181,4,others,0.43,0.905,0.645,D:\PythonCourse\ME_Recognition\Data\RGB_videos\sub20\EP15_03f.avi,neutral
201,20,EP16_01,71,111,111,4,others,0.355,0.555,0.555,D:\PythonCourse\ME_Recognition\Data\RGB_videos\sub20\EP16_01.avi,neutral
202,20,EP16_04,81,106,121,14,others,0.405,0.605,0.53,D:\PythonCourse\ME_Recognition\Data\RGB_videos\sub20\EP16_04.avi,neutral
203,20,EP18_03,48,90,126,4,others,0.24,0.63,0.45,D:\PythonCourse\ME_Recognition\Data\RGB_videos\sub20\EP18_03.avi,neutral
204,21,EP01_07,6,21,36,4,others,0.03,0.18,0.105,D:\PythonCourse\ME_Recognition\Data\RGB_videos\sub21\EP01_07.avi,neutral
205,21,EP05_02,111,141,206,12+14+17,repression,0.555,1.03,0.705,D:\PythonCourse\ME_Recognition\Data\RGB_videos\sub21\EP05_02.avi,negativo
206,22,EP01_12,50,119,146,15+17,repression,0.25,0.73,0.595,D:\PythonCourse\ME_Recognition\Data\RGB_videos\sub22\EP01_12.avi,negativo
207,22,EP13_08,151,216,256,15+17,repression,0.755,1.28,1.08,D:\PythonCourse\ME_Recognition\Data\RGB_videos\sub22\EP13_08.avi,negativo
208,23,EP02_01,36,86,130,6+12+17,happiness,0.18,0.65,0.43,D:\PythonCourse\ME_Recognition\Data\RGB_videos\sub23\EP02_01.avi,positivo
209,23,EP03_14f,51,91,111,4+R10,disgust,0.255,0.555,0.455,D:\PythonCourse\ME_Recognition\Data\RGB_videos\sub23\EP03_14f.avi,negativo
210,23,EP04_03f,16,91,115,14+15,repression,0.08,0.5750000000000001,0.455,D:\PythonCourse\ME_Recognition\Data\RGB_videos\sub23\EP04_03f.avi,negativo
211,23,EP05_24f,106,141,171,4+15+17,repression,0.53,0.855,0.705,D:\PythonCourse\ME_Recognition\Data\RGB_videos\sub23\EP05_24f.avi,negativo
212,23,EP05_25f,51,86,131,4+7+10,disgust,0.255,0.655,0.43,D:\PythonCourse\ME_Recognition\Data\RGB_videos\sub23\EP05_25f.avi,negativo
213,23,EP07_01,36,64,96,4,others,0.18,0.48,0.32,D:\PythonCourse\ME_Recognition\Data\RGB_videos\sub23\EP07_01.avi,neutral
214,23,EP12_02f,46,84,130,4+7+10,disgust,0.23,0.65,0.42,D:\PythonCourse\ME_Recognition\Data\RGB_videos\sub23\EP12_02f.avi,negativo
215,23,EP12_03,86,129,161,4+10,disgust,0.43,0.805,0.645,D:\PythonCourse\ME_Recognition\Data\RGB_videos\sub23\EP12_03.avi,negativo
216,23,EP13_03,36,56,91,4,others,0.18,0.455,0.28,D:\PythonCourse\ME_Recognition\Data\RGB_videos\sub23\EP13_03.avi,neutral
217,23,EP13_04,21,41,86,17,repression,0.105,0.43,0.205,D:\PythonCourse\ME_Recognition\Data\RGB_videos\sub23\EP13_04.avi,negativo
218,23,EP13_07f,56,64,126,4,others,0.28,0.63,0.32,D:\PythonCourse\ME_Recognition\Data\RGB_videos\sub23\EP13_07f.avi,neutral
219,23,EP17_01,81,114,146,4,others,0.405,0.73,0.5700000000000001,D:\PythonCourse\ME_Recognition\Data\RGB_videos\sub23\EP17_01.avi,neutral
220,24,EP01_08,33,69,131,L7+L10,disgust,0.165,0.655,0.345,D:\PythonCourse\ME_Recognition\Data\RGB_videos\sub24\EP01_08.avi,negativo
221,24,EP02_02f,71,94,106,4+7,disgust,0.355,0.53,0.47,D:\PythonCourse\ME_Recognition\Data\RGB_videos\sub24\EP02_02f.avi,negativo
222,24,EP07_01,24,41,66,1,sadness,0.12,0.33,0.205,D:\PythonCourse\ME_Recognition\Data\RGB_videos\sub24\EP07_01.avi,negativo
223,24,EP07_04f,4,24,41,1,sadness,0.02,0.205,0.12,D:\PythonCourse\ME_Recognition\Data\RGB_videos\sub24\EP07_04f.avi,negativo
224,24,EP08_02,121,156,181,4,others,0.605,0.905,0.78,D:\PythonCourse\ME_Recognition\Data\RGB_videos\sub24\EP08_02.avi,neutral
225,24,EP10_01f,131,149,154,4,others,0.655,0.77,0.745,D:\PythonCourse\ME_Recognition\Data\RGB_videos\sub24\EP10_01f.avi,neutral
226,24,EP10_02,101,121,136,4,others,0.505,0.68,0.605,D:\PythonCourse\ME_Recognition\Data\RGB_videos\sub24\EP10_02.avi,neutral
227,24,EP10_03,334,356,376,1,sadness,1.67,1.88,1.78,D:\PythonCourse\ME_Recognition\Data\RGB_videos\sub24\EP10_03.avi,negativo
228,24,EP12_01,81,99,121,L6+L7,others,0.405,0.605,0.495,D:\PythonCourse\ME_Recognition\Data\RGB_videos\sub24\EP12_01.avi,neutral
229,24,EP18_03,53,76,88,L1+L2,surprise,0.265,0.44,0.38,D:\PythonCourse\ME_Recognition\Data\RGB_videos\sub24\EP18_03.avi,neutral
230,25,EP03_01,56,81,116,24,others,0.28,0.58,0.405,D:\PythonCourse\ME_Recognition\Data\RGB_videos\sub25\EP03_01.avi,neutral
231,25,EP03_02,51,101,134,24,others,0.255,0.67,0.505,D:\PythonCourse\ME_Recognition\Data\RGB_videos\sub25\EP03_02.avi,neutral
232,25,EP09_02,76,101,111,4+7,disgust,0.38,0.555,0.505,D:\PythonCourse\ME_Recognition\Data\RGB_videos\sub25\EP09_02.avi,negativo
233,25,EP10_01,101,129,176,4+7,disgust,0.505,0.88,0.645,D:\PythonCourse\ME_Recognition\Data\RGB_videos\sub25\EP10_01.avi,negativo
234,25,EP10_10,61,91,158,R2,surprise,0.305,0.79,0.455,D:\PythonCourse\ME_Recognition\Data\RGB_videos\sub25\EP10_10.avi,neutral
235,25,EP12_01,131,151,186,R2,surprise,0.655,0.93,0.755,D:\PythonCourse\ME_Recognition\Data\RGB_videos\sub25\EP12_01.avi,neutral
236,25,EP18_04f,76,116,116,4+7,disgust,0.38,0.58,0.58,D:\PythonCourse\ME_Recognition\Data\RGB_videos\sub25\EP18_04f.avi,negativo
237,26,EP03_10,116,149,201,R12,happiness,0.58,1.005,0.745,D:\PythonCourse\ME_Recognition\Data\RGB_videos\sub26\EP03_10.avi,positivo
238,26,EP07_28,31,51,71,14,others,0.155,0.355,0.255,D:\PythonCourse\ME_Recognition\Data\RGB_videos\sub26\EP07_28.avi,neutral
239,26,EP07_37,92,119,190,14,others,0.46,0.95,0.595,D:\PythonCourse\ME_Recognition\Data\RGB_videos\sub26\EP07_37.avi,neutral
240,26,EP08_04,31,79,89,4+7+12,others,0.155,0.445,0.395,D:\PythonCourse\ME_Recognition\Data\RGB_videos\sub26\EP08_04.avi,neutral
241,26,EP09_04,31,56,91,4+7,disgust,0.155,0.455,0.28,D:\PythonCourse\ME_Recognition\Data\RGB_videos\sub26\EP09_04.avi,negativo
242,26,EP09_09,46,76,101,4,disgust,0.23,0.505,0.38,D:\PythonCourse\ME_Recognition\Data\RGB_videos\sub26\EP09_09.avi,negativo
243,26,EP13_01,4,29,61,?,others,0.02,0.305,0.145,D:\PythonCourse\ME_Recognition\Data\RGB_videos\sub26\EP13_01.avi,neutral
244,26,EP13_02,32,54,116,R12,happiness,0.16,0.58,0.27,D:\PythonCourse\ME_Recognition\Data\RGB_videos\sub26\EP13_02.avi,positivo
245,26,EP13_11,20,59,101,4+9,disgust,0.1,0.505,0.295,D:\PythonCourse\ME_Recognition\Data\RGB_videos\sub26\EP13_11.avi,negativo
246,26,EP15_01,42,61,81,1+4,sadness,0.21,0.405,0.305,D:\PythonCourse\ME_Recognition\Data\RGB_videos\sub26\EP15_01.avi,negativo
247,26,EP16_01,26,54,76,4,disgust,0.13,0.38,0.27,D:\PythonCourse\ME_Recognition\Data\RGB_videos\sub26\EP16_01.avi,negativo
248,26,EP18_44,11,36,71,4,disgust,0.055,0.355,0.18,D:\PythonCourse\ME_Recognition\Data\RGB_videos\sub26\EP18_44.avi,negativo
249,26,EP18_46,31,46,101,17,others,0.155,0.505,0.23,D:\PythonCourse\ME_Recognition\Data\RGB_videos\sub26\EP18_46.avi,neutral
250,26,EP18_47,6,49,86,4,disgust,0.03,0.43,0.245,D:\PythonCourse\ME_Recognition\Data\RGB_videos\sub26\EP18_47.avi,negativo
251,26,EP18_49,16,54,80,4,disgust,0.08,0.4,0.27,D:\PythonCourse\ME_Recognition\Data\RGB_videos\sub26\EP18_49.avi,negativo
252,26,EP18_50,78,99,161,4,disgust,0.39,0.805,0.495,D:\PythonCourse\ME_Recognition\Data\RGB_videos\sub26\EP18_50.avi,negativo
253,26,EP18_51,21,64,81,4,disgust,0.105,0.405,0.32,D:\PythonCourse\ME_Recognition\Data\RGB_videos\sub26\EP18_51.avi,negativo
